CountryName,CountryCode,Y1990,Y2000,Y2008,Y2009,Y2010,Y2011,Y2012,Y2013,Y2014,Y2015,Y2016,Y2017
Afghanistan,AFG,0,0,10298.59191,12147.30131,12806.40998,13175.18945,14591.55554,14666.33861,14589.06975,14351.5162,14301.37026,14311.6195
Albania,ALB,109941.2235,131956.6805,213087.6901,221720.83,231091.2379,237622.8237,241395.3285,244258.2025,249107.4797,255377.1483,264360.1192,274767.7468
Algeria,DZA,108082.039,107809.2292,133670.3621,133534.5533,135889.6782,137153.9349,138965.8883,139933.5823,142359.0244,144907.6125,146981.825,146904.3213
American Samoa,ASM,0,0,12414.51867,12058.26382,12240.05608,12346.34852,11823.28445,11481.36764,11562.67475,11685.90309,11367.11092,0
Andorra,AND,20879.87121,23809.90977,25618.58313,24497.52551,23188.31484,22295.13677,22286.27579,22819.47814,23800.28527,24372.6767,25068.64559,25643.08452
Angola,AGO,33357.27828,27935.74173,58126.5838,57443.2493,57342.52592,57474.47771,58336.39267,60165.28446,60837.61378,60550.90338,58069.49355,56582.31381
Antigua and Barbuda,ATG,25067.30389,28935.01268,36896.80356,32047.27669,29400.55884,28471.07053,29147.2695,28805.33816,29953.15904,30842.41666,32155.49162,32886.8437
Argentina,ARG,9401.534117,12951.67587,16026.19795,14923.57172,16265.41541,17062.76644,16711.17541,16934.84662,16339.72293,16617.3258,16154.60106,16458.25283
Armenia,ARM,334279.5453,261242.3743,675123.04,583533.162,598707.4096,627223.7798,670904.4674,690269.0324,711990.9867,732071.8298,731563.2018,784918.4731
Aruba,ABW,0,36776.44106,32492.18079,30625.01848,0,0,0,0,0,0,0,0
Australia,AUS,44151.9827,54504.04636,63676.65606,63577.03638,63880.80838,64543.48482,65868.86432,66429.08392,67090.18642,67669.55753,68548.0605,68787.21122
Austria,AUT,25587.71505,31712.80247,36282.53982,34825.30881,35379.92903,36291.47474,36372.20491,36167.68416,36183.52079,36170.83853,36300.95936,37094.77987
Azerbaijan,AZE,1119.20067,586.2013269,1888.491065,2023.755072,2096.897375,2071.116458,2088.741369,2181.420208,2197.447971,2195.312737,2103.610748,2083.377716
Bahamas,BHS,30380.37373,32339.72272,30466.82307,28686.31219,28645.32525,28369.90681,28815.5274,28301.61171,27895.25053,27846.54041,27068.59357,27170.8641
Bahrain,BHR,6743.470362,8631.124081,8107.941037,7819.68205,7791.519121,7713.55638,7866.379227,8196.677692,8418.90546,8436.022758,8381.576667,8313.92404
Bangladesh,BGD,21038.13001,26821.05686,36788.71042,38221.22336,39901.47112,41994.30537,44211.53465,46321.66118,48564.01901,51169.84283,54220.94149,57563.5473
Barbados,BRB,4793.891313,5137.131728,5708.842396,5457.836197,5452.690308,5470.664748,5467.902129,5450.018304,5433.171202,5466.021856,5560.102811,5638.710978
Belarus,BLR,101.0974222,91.5246187,181.1916266,181.9592469,196.4750321,207.748165,211.5388618,213.6710798,217.1574976,208.5088796,202.9860757,207.7635539
Belgium,BEL,24995.88035,30330.47203,33944.07822,32913.36979,33509.02833,33641.81067,33476.86352,33380.34355,33732.88716,34016.56103,34322.75743,34791.6628
Belize,BLZ,4993.815049,6728.847421,7686.37826,7549.738317,7614.467924,7595.557911,7708.454385,7594.717896,7733.143301,7856.962938,7655.395499,7563.767578
Benin,BEN,274117.3751,312309.2489,345053.3499,343309.2155,340853.5405,341250.1393,347820.3668,362568.6207,375017.7899,372406.191,376618.4472,386854.297
Bermuda,BMU,57888.18356,73000.67925,86612.58101,81582.11957,80501.65837,78488.22873,74423.94827,72328.45649,0,0,0,0
Bhutan,BTN,22615.16435,34417.90184,54389.04344,56913.07257,62437.38327,66193.5693,68400.07597,68770.10723,71645.40317,75311.24506,80271.04473,84699.29793
Bolivia,BOL,2252.419255,2680.764174,3153.987847,3206.789744,3285.429011,3401.49854,3519.625542,3700.537794,3842.789718,3968.370132,4075.568233,4183.638568
Bosnia and Herzegovina,BIH,0,4434.265536,6887.464366,6711.937694,6814.718045,6941.801069,6961.499315,7210.436175,7373.087592,7664.50682,7948.521077,8212.353918
Botswana,BWA,20579.05679,26415.63581,34935.14561,31715.41865,33833.57975,35241.99296,36143.32152,39502.21733,40381.14871,38965.56079,39905.38871,40108.89918
Brazil,BRA,6223.412973,6840.712976,8303.698659,8211.683494,8745.719699,9007.732899,9096.055184,9284.343112,9249.070352,8844.997266,8468.718071,8484.558127
British Virgin Islands,VGB,0,0,0,0,0,0,0,0,0,0,0,0
Brunei Darussalam,BRN,50547.31109,48981.55839,48895.6401,47467.13648,48088.05595,49211.57424,48948.33745,47202.96956,45423.41099,44534.44204,42856.11759,42868.33599
Bulgaria,BGR,6150.143922,5843.524469,10215.33225,9912.655655,10110.24259,10370.12774,10433.59822,10582.61294,10784.35335,11246.00184,11771.49205,12280.04671
Burkina Faso,BFA,127831.2123,162812.0624,211002.1068,210775.4952,215495.6897,222965.4523,230344.2306,236528.8771,239561.214,241680.9115,248643.2879,257845.1654
Burundi,BDI,244458.1791,169514.4039,170693.1322,170855.3846,171702.8949,173428.7299,175053.0864,177745.871,180546.3949,168237.3616,162114.3323,157854.2535
Cape Verde,CPV,73743.77579,170694.4867,264550.5954,258435.6803,259396.8222,266675.3387,266459.9505,265434.9092,263845.6153,263263.626,269946.6052,276946.4429
Cambodia,KHM,0,1166409.231,2065307.37,2036334.126,2124807.639,2239163.523,2364059.859,2496445.291,2631300.058,2771638.418,2918326.92,3069875.624
Cameroon,CMR,580049.4038,500023.2426,562257.6031,559079.7613,562638.6959,570170.1332,580186.5301,595350.8808,613823.0633,631625.5711,642716.3926,646193.8684
Canada,CAN,37589.88417,44954.53522,49973.7815,47947.6825,48878.62395,49918.56148,50193.90465,50848.24002,51736.6725,51821.14056,51927.76703,52863.719
Cayman Islands,CYM,0,0,0,0,0,0,0,0,0,0,0,0
Central African Republic,CAF,195154.3993,171523.6755,181573.2826,182209.376,185891.0538,190841.5552,198059.378,125114.3144,125974.8877,131129.7596,135624.0938,139498.7852
Chad,TCD,215632.8393,192863.42,337287.4666,340239.2592,373848.2447,361934.9548,381165.7255,389748.7199,403258.8454,401404.6127,364757.0535,343352.7557
Channel Islands,CHI,0,36564.29331,0,0,0,0,0,0,0,0,0,0
Chile,CHL,3227234.848,5137903.762,6830576.558,6656810.074,6977884.071,7335231.138,7655568.157,7895342.031,7966034.908,8081363.681,8116459.673,8171244.472
China,CHN,5652.484412,13704.32165,29431.66371,32038.43494,35275.31029,38454.62252,41274.12736,44256.98231,47246.88597,50251.02411,53328.29824,56690.09663
Colombia,COL,6390668.771,7047849.124,8947220.167,8991927.349,9246877.108,9752439.338,10044052.58,10430923.22,10786930.03,11015474.87,11142402.96,11244147.25
Comoros,COM,165391.1379,153086.2976,147060.1588,146359.638,146014.0631,146232.0797,147019.5476,148546.9211,148038.725,146071.5993,145874.4741,146157.477
"The Democratic Republic of the Congo",COD,241753.5762,99915.6552,111648.7512,111090.3738,115088.5642,118962.1836,123209.6531,129279.588,136902.4507,141618.882,140339.5225,140874.5045
Congo,COG,312236.6016,272130.9026,287309.361,298731.0848,315026.3764,316702.9714,320178.6694,322967.8118,336389.6581,336683.6494,318945.5894,296503.9205
Costa Rica,CRI,2817720.456,3574377.542,4644216.12,4538935.266,4703940.287,4847677.717,5021657.345,5078553.555,5200535.05,5333043.984,5498186.325,5617591.633
Côte d'Ivoire,CIV,680521.9623,628072.2194,569418.1501,575004.4918,573236.7168,535130.1868,577950.0231,613634.7822,650856.3643,690718.5298,729786.9308,767297.7084
Croatia,HRV,0,58108.48177,81245.83113,75339.067,74458.83773,76594.14758,75104.05236,74825.45783,75058.61779,77456.1989,80468.02881,83678.87449
Cuba,CUB,3117.888431,2562.548338,4039.866826,4095.293747,4187.839621,4297.005694,4415.86323,4525.257999,4561.631369,4755.08645,0,0
Curacao,CUW,0,0,0,0,0,0,0,0,0,0,0,0
Cyprus,CYP,14095.19795,18199.68502,21753.37388,20801.8217,20531.89719,20078.95346,19170.54905,18074.94498,18018.44918,18479.96376,18953.19302,19608.6498
Czech Republic,CZE,267158.88,282779.8328,391910.9859,370969.6229,378299.4937,384229.8197,380623.6166,378657.0292,388528.7582,408353.1109,418139.237,435044.6115
Denmark,DNK,250659.4612,314108.1681,340283.3941,321860.4786,326429.2498,329433.674,328939.6971,330628.5811,334283.3981,337263.0832,341213.9644,346342.7206
Djibouti,DJI,0,0,0,0,0,0,0,262558.4373,281128.1743,303281.6495,324514.3101,332616.0721
Dominica,DMA,11032.72002,13402.22602,16889.72198,16655.82979,16718.32307,16615.04643,16362.30637,16182.91713,16811.67248,16298.0345,16641.38803,15857.82888
Dominican Republic,DOM,81824.72329,122509.7984,156200.0036,155559.3635,166315.1033,169317.8651,171729.1444,177888.0425,189179.8977,200128.699,210949.3234,218129.9926
Ecuador,ECU,3021.512727,2987.379595,3754.987035,3713.614509,3781.869928,4014.208273,4174.048452,4312.864368,4408.279461,4346.697065,4215.329347,4279.088339
Egypt,EGY,11473.1928,14345.18865,18067.33806,18565.22609,19139.2015,19073.87658,19071.15232,19055.21562,19182.55939,19601.57637,20045.21308,20484.21788
El Salvador,SLV,2371.504059,2951.600988,3317.868809,3234.465405,3287.937857,3397.871058,3477.3813,3543.157211,3595.790733,3663.038303,3738.469818,3805.428159
Equatorial Guinea,GNQ,206006.2163,2224472.242,8247593.901,7984256.048,6950666.804,7082532.259,7344061.63,6747182.563,6501174.403,5679150.279,4996154.336,4659052.816
Eritrea,ERI,0,2003.895631,1651.790421,1684.892725,1690.292154,1802.582972,0,0,0,0,0,0
Estonia,EST,0,7632.149379,12621.71133,10784.00767,11052.80467,11928.67793,12487.09394,12774.2938,13178.07675,13389.93521,13662.2268,14328.78584
Eswatini,SWZ,20977.46957,22775.981,28020.93378,27934.52923,28459.94149,28567.15239,29366.14363,30679.03443,30700.61339,30261.90547,30125.95596,30185.76409
Ethiopia,ETH,6101.242574,5785.762504,8652.023148,9167.706488,10049.30386,10881.79991,11516.22661,12406.95657,13331.30376,14347.44568,15051.06544,16189.35812
Faroe Islands,FRO,0,0,0,0,0,0,0,0,0,0,0,0
Fiji,FJI,6140.814517,6956.516889,7696.837574,7513.298755,7663.484621,7806.017281,7857.1936,8171.931137,8570.505732,8836.71371,8805.046397,9071.588136
Finland,FIN,25305.27345,30541.85022,37271.81038,34026.66968,34884.90034,35616.24209,34941.63526,34517.36836,34157.75705,34091.42133,34719.46861,35530.61771
France,FRA,24572.13944,29039.54387,31318.4623,30241.2908,30683.76895,31170.63258,31076.80834,31095.40206,31239.80462,31441.81628,31688.46768,32140.55996
French Polynesia,PYF,1587876.576,1672924.913,0,0,0,0,0,0,0,0,0,0
Gabon,GAB,3208588.721,2925879.359,2515437.601,2438804.629,2526566.72,2615047.661,2658842.668,2715335.247,2744222.65,2770243.113,2757065.663,2725099.586
Gambia,GMB,11712.92801,12048.67865,12009.36627,12386.37159,12784.67375,11855.71648,12132.22207,12322.12358,12053.59824,12192.1375,12089.97714,12143.39198
Georgia,GEO,2563.949688,1045.196591,2052.07464,2003.01722,2156.382145,2342.536077,2523.864418,2643.209534,2801.771613,2890.148637,2970.729949,3120.699282
Germany,DEU,24415.96489,28690.51922,31987.553,30266.81104,31549.97381,33316.60874,33417.73077,33489.82018,33994.06069,34288.52178,34673.93505,35296.23169
Ghana,GHA,616.9134948,726.0082523,914.3895652,934.4152575,983.2118981,1094.110958,1167.380181,1223.587838,1243.274755,1261.949309,1279.965773,1358.657975
Gibraltar,GIB,0,0,0,0,0,0,0,0,0,0,0,0
Greece,GRC,14635.74201,17574.00673,22556.77423,21529.96342,20324.11804,18495.36304,17238.074,16800.69949,17038.10314,17100.83937,17130.1581,17386.73228
Greenland,GRL,153515.1656,181056.6655,243555.6029,245686.4869,247394.7808,246231.3236,250015.8423,247201.8129,261204.3698,262859.5359,282639.8035,0
Grenada,GRD,11620.88323,15488.2148,19445.78081,18095.92794,17937.88129,18006.61052,17730.07366,18073.80204,19318.72132,20473.33065,21129.81075,21814.75726
Guam,GUM,0,0,29968.24598,30025.56035,30612.62889,30605.34325,31167.75956,31663.28917,32037.62262,32027.78791,31922.20803,0
Guatemala,GTM,10358.11349,12327.76503,13771.95198,13544.71799,13634.19785,13899.06521,14009.96761,14225.05488,14514.23014,14809.26919,14963.38091,15075.46958
Guinea,GIN,3262253.388,3282318.2,3667661.648,3546492.577,3635614.781,3755794.156,3891172.329,3954837.446,4008042.178,4062520.195,4377033.37,4618440.584
Guinea-Bissau,GNB,263607.4794,228345.703,227892.1121,229886.8427,234546.5601,247112.6155,236655.4106,238060.0399,234193.4101,242272.2125,251040.3764,259387.2076
Guyana,GUY,223771.8164,355899.9057,426947.0039,442481.021,460260.1814,482532.3722,505300.1563,527075.6027,543543.103,556995.7086,571902.6048,585181.1994
Haiti,HTI,0,1536.758995,1403.602194,1425.168504,1327.050826,1380.278508,1400.20468,1439.543947,1460.302639,1458.865746,1461.465094,1460.583328
Honduras,HND,15576.98526,16347.26758,20059.15918,19175.91752,19503.6156,19871.43781,20317.11642,20517.29166,20781.24773,21214.15329,21642.92533,22306.05564
Hong Kong,HKG,168300.6398,212240.9602,290971.5715,283205.8857,300159.7335,312502.6868,314326.9325,322775.6342,329370.4959,334376.9972,339500.0409,349744.9842
Hungary,HUN,0,2181407.155,2884069.385,2697897.6,2722453.638,2775552.236,2744063.109,2809309.939,2935978.332,3042064.088,3118580.364,3253878.302
Iceland,ISL,0,4468507.543,5687893.264,5299765.42,5116031.947,5200550.555,5241196.569,5415526.809,5473454.765,5650252.755,5989258.144,6101089.472
India,IND,26514.90239,37698.74439,57213.8795,61190.26629,66552.48216,70045.5135,72941.69781,76659.31128,81366.44907,86979.94935,92102.92607,97103.41785
Indonesia,IDN,15522804.97,19484342.83,26152131.57,26998988.07,28302888.04,29659798.64,31047022.89,32362911.41,33570450.89,34794095.06,36132033.1,37549518.99
Iran,IRN,53060445.52,61177977.19,80049159.14,79931631.48,83568083.16,84729061.82,77434606.46,76304431.71,78823841.36,76852336.43,86152236.97,88876598.02
Iraq,IRQ,3907658.851,4129834.262,4143615.445,4171409.92,4313243.775,4497745.725,4960480.25,5163162.558,5032519.92,5112047.054,5508587.84,5312527.8
Ireland,IRL,17905.69296,32425.57604,38445.62731,36296.30919,36749.46356,37681.72274,37536.32795,37951.12913,40812.41074,50761.06181,52771.84011,56200.60495
Isle of Man,IMN,15957.58386,27259.74724,42309.75119,42778.87173,46370.2168,48189.37827,50794.05695,52683.65991,54947.66679,52711.18899,0,0
Israel,ISR,79047.30943,103332.2782,112027.939,110893.2161,114573.955,117714.9264,117806.4623,120382.1832,122120.5788,123362.0021,125920.0302,127630.0382
Italy,ITA,23285.04143,27318.11404,28378.61924,26700.957,27067.88827,27177.18886,26339.96732,25586.43342,25381.5698,25647.89845,25912.00778,26334.32883
Jamaica,JAM,267809.2254,291536.9112,314840.3547,299687.7409,293917.3864,297708.4587,294653.4168,294999.9772,295947.3279,297565.334,300666.1796,301178.9646
Japan,JPN,3342171.65,3701653.916,3964647.218,3750374.125,3906878.27,3909603.818,3974398.37,4059749.837,4080373.339,4140005.626,4183667.233,4262321.004
Jordan,JOR,922.1616298,1061.839165,1425.789444,1430.832477,1390.270272,1352.32248,1315.639582,1285.178138,1265.43453,1246.188487,1231.299809,1223.651173
Kazakhstan,KAZ,408382.2016,311409.2012,603075.5394,594428.8253,628871.3695,665808.2178,688006.6365,718864.5388,738106.493,736126.3959,733715.4743,752759.2261
Kenya,KEN,72179.77491,64649.97447,70807.94789,71170.15387,75075.92717,77530.50303,78914.21111,81353.50551,83481.76848,85991.17578,88736.34401,90752.58923
Kiribati,KIR,1574.324698,1611.259863,1468.928281,1442.010381,1390.023575,1369.90808,1414.525433,1469.818031,1457.126691,1579.286877,1569.536256,1590.38901
"Democratic People's Republic of Korea",PRK,0,0,0,0,0,0,0,0,0,0,0,0
"Republic of Korea",KOR,9785983.591,17461748.25,24050115.64,24095935.26,25533864.88,26271145.85,26732478.68,27381774.97,28119533.94,28752128.27,29461101.98,30233342.85
Kosovo,XKX,0,1365.109118,2222.093382,2277.978557,2334.54226,2425.963149,2476.567693,2535.003563,2568.613459,2703.463203,2791.157362,2892.718632
Kuwait,KWT,0,10258.19062,13746.77153,12019.09169,11033.41702,11364.31226,11387.56068,10869.1538,10392.02104,10046.35913,10102.91212,9614.174013
Kyrgyzstan,KGZ,7251.57244,4329.456945,5824.633256,5920.8359,5823.038308,6095.248794,5989.30468,6512.517711,6640.032611,6756.821786,6907.62089,7082.121213
Lao People's Democratic Republic,LAO,4532347.842,6594129.185,9903054.653,10473178.27,11194733.34,11928094.2,12721389,13574461.32,14425958.21,15271316.66,16115580.05,16975690.27
Latvia,LVA,0,5236.027539,10019.44683,8719.252135,8551.804839,9264.658745,9758.749242,10103.50697,10388.62975,10785.2798,11124.71109,11743.46177
Lebanon,LBN,6378100.204,10172057.01,11848865.88,12815421.08,13353863.09,12738537,12221972.08,11688973.56,11226901.74,10838372.81,10769518.33,10850427.85
Lesotho,LSO,5545.466097,7160.717751,8955.287935,9060.867151,9510.525147,10050.56454,10522.08287,10577.17059,10762.8768,10887.3039,11000.69915,11462.20972
Liberia,LBR,191.3951342,183.4149991,147.612376,149.3786481,153.0072123,160.5897498,168.8079314,179.0172436,175.9841229,171.7255742,164.7953985,164.627108
Libya,LBY,0,5708.81656,7547.895467,7405.098436,7716.310539,2914.829593,6499.146028,5617.335729,4263.575228,3866.511109,3723.607566,4656.707546
Liechtenstein,LIE,68692.4166,103986.2705,115855.2404,113793.8405,0,0,0,0,0,0,0,0
Lithuania,LTU,0,5235.17052,10121.51971,8718.369852,9049.114514,9815.151538,10328.3724,10798.44886,11277.00032,11615.20581,12039.58701,12679.65867
Luxembourg,LUX,49774.0055,70568.7096,81980.78175,76968.9905,79253.52449,79479.61694,77320.08528,78314.58149,80905.26299,81279.53807,81998.58766,81443.13027
Macao,MAC,244365.9412,255627.0284,488923.8414,485042.251,594393.7173,706800.937,754120.2174,819200.0917,791572.758,608076.9858,591774.7935,634818.4211
Macedonia,MKD,153654.3033,137503.6305,176154.53,175377.3272,181123.7437,185214.7986,184222.9354,189456.3816,196167.0185,203525.4036,209284.4245,209130.3596
Madagascar,MDG,33852.36241,29569.93884,31187.45615,29102.21589,28375.19928,28003.69887,28073.46924,27938.22914,28095.3941,28200.79632,28600.13395,29004.96953
Malawi,MWI,49749.26919,57888.90309,63388.55339,66598.58704,69053.14432,70271.35212,69507.48614,71005.29004,72890.60001,72779.26853,72451.67986,73203.11389
Malaysia,MYS,14607.1399,22578.80089,28638.13354,27699.64176,29219.74799,30204.85887,31273.45695,32150.29702,33493.72868,34610.86597,35534.60042,37111.75697
Maldives,MDV,0,99048.10795,129229.8261,116693.1442,121733.6733,128420.7442,127879.2291,133325.7946,139294.9268,138966.3074,144305.2154,153959.1594
Mali,MLI,167755.2104,192965.5263,238600.2027,241755.4155,246922.9889,247281.5428,238079.837,236600.0098,246022.8573,253154.637,259994.6782,265695.7689
Malta,MLT,9079.934495,13821.53212,15962.22571,15452.25552,15921.28499,16063.68974,16351.76703,16867.26906,17875.40443,19133.22683,19678.44939,20495.08696
Marshall Islands,MHL,2333.434818,2322.164919,2676.789613,2627.865061,2791.855031,2819.247459,2910.031711,2985.890175,2957.406707,2941.287693,2993.413862,3064.726269
Mauritania,MRT,158975.6309,155827.633,191946.3276,184596.6702,187876.0832,190992.4484,196122.2452,201953.9949,207044.1053,203998.2871,202336.7956,203772.7608
Mauritius,MUS,99256.25548,148842.877,199600.83,205670.8917,214163.4519,222539.3871,229681.7875,236877.378,245302.8764,253475.7012,262927.024,272672.2256
Mexico,MEX,105963.9402,127142.7735,132089.9061,123111.2966,127411.6061,130114.4629,132913.5866,132835.9927,134761.7422,137323.6666,139496.6149,140549.2036
"Micronesia, Federated States of",FSM,1928.766441,2210.922258,2245.372231,2283.124279,2337.477803,2419.170178,2370.23951,2274.41033,2218.676152,2318.771844,2306.163698,2338.758603
Moldova,MDA,0,4401.47,7350.052772,6917.77696,7416.341736,7925.234088,7870.78993,8612.95016,9031.876812,9001.542947,9412.316798,9841.978027
Monaco,MCO,69968.64741,78090.20662,100814.1993,0,0,0,0,0,0,0,0,0
Mongolia,MNG,2390085.063,2171953.411,3535055.775,3437682.105,3596700.053,4143947.889,4567297.24,5001796.451,5295083.482,5324615.73,5300850.015,5524734.958
Montenegro,MNE,0,1761.63154,2466.912276,2318.972042,2378.019237,2452.215121,2383.416076,2465.596331,2507.141088,2590.689518,2666.480637,2780.388805
Morocco,MAR,13702.3799,15705.20355,21390.13135,22024.19894,22568.45082,23427.1215,23787.65794,24504.31046,24794.83167,25558.59432,25519.97383,26217.36731
Mozambique,MOZ,5455.082083,8093.437987,12357.87577,12764.4355,13225.95439,13759.67228,14326.39863,14909.5356,15561.4121,16114.78228,16246.27489,16372.44809
Myanmar,MMR,158341.5595,278428.4838,663278.8683,728529.4259,793062.5923,830828.0408,884168.3411,950065.5475,1016582.428,1077715.095,1130608.809,1191678.137
Namibia,NAM,25692.66999,27430.40521,36871.38639,36449.87099,38008.57526,39178.40407,40283.09231,41579.08807,43204.13076,44811.15078,44139.43581,42864.5646
Nauru,NRU,0,0,3518.307027,3823.750628,4307.25187,4795.227205,5164.889581,6584.844284,8207.179617,8016.953908,8461.391678,8425.52568
Nepal,NPL,13806.61625,17745.60191,21321.9522,22067.41435,22888.86742,23408.73711,24241.62091,24940.01317,26118.28067,26672.53539,26480.95918,28153.86156
Netherlands,NLD,26791.48616,34832.62192,39351.50269,37674.64798,38007.6452,38460.14221,37913.04508,37729.4832,38127.68373,38817.23043,39464.48701,40468.77425
New Caledonia,NCL,1465350.873,1382591.536,0,0,0,0,0,0,0,0,0,0
New Zealand,NZL,34460.46117,40209.67652,46412.29696,46831.05529,46758.91236,47654.69222,48578.73145,49179.72824,50159.81198,51403.77575,52083.26398,52533.49845
Nicaragua,NIC,16945.57426,19498.89072,23087.02892,22042.86823,22729.61793,23873.71442,25124.8411,26058.42813,26995.56731,27966.48775,28946.25561,30023.08811
Niger,NER,155116.0317,130646.9248,141537.8049,135327.1009,141191.8046,139000.5623,149623.6049,151567.8609,156835.4921,157480.4716,159034.829,160571.1839
Nigeria,NGA,206575.0964,193442.432,319934.3374,333135.426,349791.642,357204.0543,362648.1497,372130.0412,385227.6201,385141.964,369119.6475,362580.3981
Northern Mariana Islands,MNP,0,0,16785.35982,14279.55599,14809.6428,13832.59584,13924.56905,14212.74706,14595.72593,15050.35026,19282.84536,0
Norway,NOR,364273.8134,493866.8211,549520.7753,533457.9549,530498.1212,528750.6408,536054.0649,535142.6451,539592.7141,544603.885,545890.8337,551340.5329
Oman,OMN,5730.264546,7189.534703,7348.639768,7462.619782,7413.544811,6887.906716,7036.509379,6855.753808,6600.73089,6520.294966,6522.023105,6207.524575
Pakistan,PAK,38270.09449,43781.55169,53529.28138,53923.06284,53661.72159,53989.38877,54712.06299,55922.67283,57327.43507,58824.09876,60846.85557,63070.92743
Palau,PLW,0,12160.42764,12545.53589,11807.82126,11626.03322,12285.6595,12674.90606,12386.06119,12615.2176,13767.51691,13637.87844,12993.91596
Panama,PAN,3458.022888,4677.356407,6653.316215,6617.237039,6880.183667,7525.230475,8118.446208,8530.745934,8812.53255,9150.922504,9452.934085,9802.629736
Papua New Guinea,PNG,4544.589298,5255.67149,5441.282228,5677.532941,6110.933643,6041.665678,6185.106065,6284.948392,7101.795627,7323.227723,7309.922418,7320.286696
Paraguay,PRY,3058817.601,3083301.714,3492540.164,3309855.011,3693762.05,3802778.234,3705363.932,4168916.318,4307924.957,4377722.617,4495329.247,4472846.224
Peru,PER,6940.686934,8574.494984,12180.373,12161.19562,13007.61233,13651.08031,14297.53925,14932.90718,15086.51598,15376.80655,15784.58933,15986.48365
Philippines,PHL,43586.58029,45911.55569,57707.91114,57440.78644,60831.58597,62031.16227,65091.84566,68547.52886,71581.58706,74719.29927,78617.15041,82594.97963
Poland,POL,17933.37528,25709.2632,35585.36369,36564.17792,37991.37361,39876.04318,40517.3096,41106.07106,42487.43184,44150.31354,45434.44949,47494.69538
Portugal,PRT,12599.63527,16243.62917,17237.56148,16708.2731,17017.69699,16731.40006,16122.64871,16028.16171,16258.75301,16623.70157,16946.28257,17454.05653
Puerto Rico,PRI,1871.020639,2609.92677,2893.987715,2853.002746,2855.63042,2878.491828,2914.38574,2938.929502,2951.760091,2970.76711,2949.960664,0
Qatar,QAT,0,283915.5302,313792.6753,306825.4604,327992.4945,339024.4327,328415.1068,321429.7617,316772.6505,313861.6802,309819.3481,306486.6735
Romania,ROU,10672.70326,9783.655649,17681.49334,16775.62873,16401.0923,16816.5097,17100.68808,17770.47916,18385.89513,19206.71519,20248.24777,21782.92959
Russian Federation,RUS,496473.8312,337995.0488,577467.3597,532144.0271,555860.7666,584781.2564,605140.9641,614634.7789,608223.9961,589748.7846,587345.05,595748.2225
Rwanda,RWA,257925.8537,234394.0462,373503.1807,386130.4787,403555.554,424749.0341,449803.9782,459004.8523,481801.2338,511709.1775,529212.483,548118.3581
Samoa,WSM,5822.613682,6902.34179,9139.672853,8639.01832,8616.127386,9043.108731,9006.094274,8759.563214,8793.671018,8869.66799,9436.890711,9608.06166
San Marino,SMR,0,50587.20549,60887.61491,52436.28552,49373.1919,44153.12341,40295.79495,38603.22571,37847.93459,37682.03883,37767.6716,38008.98204
Sao Tome and Principe,STP,0,0,16553587.8,16568102.97,17272781.83,17626642.1,17773991.27,18215832.79,18980626.38,19273687.34,19641553.31,19961605.16
Saudi Arabia,SAU,67510.27023,68487.11281,74222.70144,70729.16249,72223.45221,77158.11731,78961.3018,78768.79546,79437.99333,80654.83385,80176.69771,77986.19798
Senegal,SEN,319280.2489,330644.8433,374898.3489,373367.9,377970.9274,373503.4758,378521.9698,380042.2964,383951.477,396983.4772,411797.362,427568.3937
Serbia,SRB,0,264727.5019,428213.0798,416537.0293,420659.2775,429935.5179,427640.8212,440778.185,434742.4949,440209.26,454899.3939,465773.4937
Seychelles,SYC,49395.33284,64115.32953,69713.41828,68672.82183,70758.60532,78372.84569,78586.28358,81791.05115,84156.36524,86364.11689,89053.90169,91665.25686
Sierra Leone,SLE,1115411.609,814092.3078,1031432.266,1039877.438,1070293.588,1111556.376,1251092.003,1476234.342,1509253.435,1172225.534,1216455.651,1240035.039
Singapore,SGP,30240.37029,45527.34473,58153.41419,56085.25429,63497.75801,66136.92799,67169.19184,69468.20636,71235.2945,71972.76532,72747.96011,75313.62182
Sint Maarten (Dutch part),SXM,0,0,0,0,0,0,0,0,0,0,0,0
Slovakia,SVK,0,7774.482066,12645.35297,11943.72686,12534.20949,12870.95527,13061.9978,13242.46826,13593.48225,14103.43558,14553.55695,15023.24531
Slovenia,SVN,0,14021.71032,19213.95047,17556.37846,17696.34494,17774.29774,17263.50263,17044.92015,17535.46678,17918.09806,18468.69996,19376.27684
Solomon Islands,SLB,7058.42323,6809.378128,7211.428866,6716.026035,7014.156195,7765.743693,7944.064791,8009.792131,8019.375335,8055.585719,8168.069248,8268.111207
Somalia,SOM,12545.4401,0,0,0,0,0,0,0,0,0,0,0
South Africa,ZAF,43451.57582,42746.16285,53729.13332,52322.8605,53271.8029,54306.66238,54739.16236,55296.9863,55520.96757,55466.9447,55059.32387,55095.97579
South Sudan,SSD,0,0,0,0,0,3110.579463,1429.250439,1788.952618,1784.75863,1728.982062,1447.337976,0
Spain,ESP,16961.88319,21394.2001,24390.39941,23311.35299,23207.5357,22894.2502,22209.53923,21902.35981,22271.09202,23053.37222,23788.15345,24467.79857
Sri Lanka,LKA,134478.1579,206311.1756,287516.5137,295774.7754,317534.2069,342245.3449,371530.8201,381161.1368,396486.8834,412469.3915,426085.4691,434409.9857
Saint Kitts and Nevis,KNA,22471.52863,31642.96734,36212.49106,34736.51692,33586.29993,34020.95143,33440.47651,35134.2963,36834.48892,37911.84976,38372.62545,38671.85654
Saint Lucia,LCA,15281.29965,16984.23437,19308.53445,19330.52999,18845.27929,18827.50472,18753.46184,19299.00205,19174.34773,19464.24895,19696.19302,20132.32762
Saint Martin (French part),MAF,0,0,0,0,0,0,0,0,0,0,0,0
Saint Vincent and the Grenadines,VCT,8428.922376,11419.60741,15862.7747,15517.29655,14988.41422,14922.01096,15129.8295,15408.17874,15554.55984,15823.85455,15997.37329,16215.18331
Sudan,SDN,320.3337535,420.1414584,609.6095061,613.3527477,618.47297,667.2672168,752.7788876,767.5268287,769.5477702,788.2957176,805.9307564,820.6579622
Suriname,SUR,12827.08284,11836.9703,16296.28767,16610.99576,17287.48933,18109.85555,18407.04406,18756.22074,18619.23464,17962.50235,16881.3399,16746.47942
Sweden,SWE,270376.4293,322131.1866,379917.2354,357164.1278,375340.873,382442.5378,378536.866,380001.6645,386048.6319,399261.2244,407030.6764,410361.7454
Switzerland,CHE,67104.21863,70717.26969,79045.60781,76329.42212,77806.72766,78248.95803,78201.37994,78739.07041,79689.31381,79753.55974,79972.76319,79956.91023
Syrian Arab Republic,SYR,45179.74027,56255.35012,0,0,0,0,0,0,0,0,0,0
Tajikistan,TJK,887.9023296,287.4359195,485.2587675,492.7056041,513.1396443,538.8205322,566.2555587,594.5681417,620.3704645,643.2921405,673.0124073,705.7368268
Tanzania,TZA,498413.1097,501440.3624,672494.4922,686606.6025,707582.2249,739921.6784,754034.558,784027.1148,813018.4818,843093.4232,874445.9954,908195.478
Thailand,THA,60401.88259,83458.62714,115865.4736,114486.9057,122490.2099,122931.3493,131225.1305,134160.2113,134938.9007,138526.6744,142646.2495,147840.146
Timor-Leste,TLS,0,1118.461315,3321.013476,3080.073034,2995.914889,3285.436335,3373.319692,2932.232167,2117.531825,2501.598442,2467.166955,2221.39696
Togo,TGO,196012.7676,185393.8537,171980.864,173274.5994,175418.6406,179128.5351,182830.5694,185133.2709,190961.5067,196146.4332,201582.3004,207580.7566
Tonga,TON,5192.178912,6684.874901,6908.402505,7025.79051,7240.462084,7410.807348,7450.1434,7191.819839,7309.372105,7539.204994,7738.839827,7881.716349
Trinidad and Tobago,TTO,48150.9385,71993.96084,125534.0409,119455.1241,122822.6176,121847.4884,122798.579,123390.5053,122511.893,123858.6099,116064.6907,113008.7376
Tunisia,TUN,3188.401354,4300.79985,5680.299848,5789.482936,5926.213243,5746.951898,5907.961922,6007.276915,6113.977251,6113.329113,6110.846664,6160.693513
Turkey,TUR,9513.741746,11568.23746,14885.2725,14006.21339,14987.46344,16407.51774,16925.87411,18068.11314,18694.94515,19518.28894,19825.39689,20971.08082
Turkmenistan,TKM,4810.194204,3084.519005,5115.504151,5349.313512,5750.439101,6485.038329,7076.616446,7655.378338,8289.464625,8671.166665,9050.608772,9478.98143
Turks and Caicos Islands,TCA,0,0,0,0,0,0,0,0,0,0,0,0
Tuvalu,TUV,2333.710985,3017.547771,3244.197292,3070.395556,2961.067325,3154.560551,3006.130155,3116.396092,3132.632859,3390.142864,3462.813866,3544.718184
Uganda,UGA,612978.0769,836297.6218,1146455.738,1183034.775,1207602.674,1276654.318,1281350.513,1283239.441,1304321.906,1327165.472,1344000.77,1352464.114
Ukraine,UKR,31467.69113,14426.8978,26282.37715,22492.21426,23530.18376,24905.60341,25026.81315,25077.16049,24790.14442,22448.9029,23059.7223,23740.37356
United Arab Emirates,ARE,248286.4024,230755.1146,160337.4747,136629.4791,128676.6608,131219.6345,133592.5261,138694.5951,143764.0966,149668.6476,152223.955,151296.6023
United Kingdom,GBR,18568.41215,23024.54869,26234.14923,24946.12057,25170.75826,25337.56066,25534.72781,25884.90993,26475.29537,26881.83613,27207.24907,27514.49816
United States,USA,36312.41418,45055.81792,49364.64455,47575.60856,48375.40695,48786.45498,49498.39092,49971.95136,50871.67408,51933.40481,52319.16335,53128.5397
Uruguay,URY,96923.7914,126806.8805,150771.0432,156611.3706,168249.0117,176348.462,181988.4752,189800.8768,195286.8042,195325.0282,197907.3694,202416.1348
Uzbekistan,UZB,54886.95238,44746.69754,67585.49956,71837.49724,75774.21594,79890.17577,85177.99017,90566.56154,95990.97414,101877.6542,107930.9429,111758.8026
Vanuatu,VUT,209123.4175,231569.7897,241523.9194,243638.0181,241833.3016,239148.141,237824.5146,237088.2746,237264.8252,230246.8226,234322.6381,239690.2738
Venezuela,VEN,1679.180565,1674.809032,2079.656592,1981.679922,1922.538465,1973.244231,2054.291595,2052.71446,1945.78442,0,0,0
Vietnam,VNM,8038578.549,14175786.68,22186573.5,23155159.89,24389812.74,25632480.13,26674713.38,27799554.58,29129596.15,30734293.46,32298825.98,34148217.31
Virgin Islands (U.S.),VIR,0,0,41531.74845,38771.27439,39138.78071,35967.56916,30594.04202,28858.61316,28623.33618,28725.28085,0,0
West Bank and Gaza,PSE,0,9932.315093,8536.187056,9875.946844,9861.001274,10294.87428,11442.13727,10630.35399,10207.8768,11138.90682,11196.84247,10515.9663
Yemen,YEM,12271.62014,14361.89927,15592.92434,15759.75481,16519.31012,14035.16496,13991.54692,14284.30562,13893.41069,8515.129936,5455.656828,0
Zambia,ZMB,5012.828498,4501.364334,6168.420725,6549.971586,7019.181832,7194.346682,7511.780493,7655.764026,7775.251402,7763.903266,7817.307652,7896.716592
Zimbabwe,ZWE,1217.415097,1206.9948,567.6518049,624.2722419,689.0556346,778.8789801,874.2935237,901.5771026,899.4157157,893.4083142,878.1533875,887.5659048